{"itemsData":[{"itemID":"b6333d5e-cda2-47ec-9276-4d5a192d86ad","position_x":-0.10000000149011612,"position_y":0.800000011920929,"position_z":0.20000000298023225,"rotation_x":0.0,"rotation_y":0.0,"rotation_z":0.0,"rotation_w":1.0,"itemType":7},{"itemID":"cc8ed2af-0bc8-461e-bce8-f95d778272e3","position_x":-0.5320000052452087,"position_y":0.7879999876022339,"position_z":-0.13099999725818635,"rotation_x":0.1530459076166153,"rotation_y":-0.6903455853462219,"rotation_z":0.1530459076166153,"rotation_w":0.6903455853462219,"itemType":11}],"textPlateItemsData":[],"lightItemsData":[{"itemID":"548c22a2-5621-4456-84d2-c1cfafa2a27e","position_x":-0.04645836353302002,"position_y":0.7998961806297302,"position_z":0.2188590168952942,"rotation_x":0.0,"rotation_y":0.0,"rotation_z":0.0,"rotation_w":1.0,"itemType":2,"isTurnedON":true,"colorIndex":0}],"buttonItemsData":[],"imageItemsData":[],"videoItemsData":[],"audioItemsData":[],"cameraItemsData":[],"weightScalerItemsData":[],"actionData":[{"actionID":"61f7110b-e1f1-4cdd-9f46-2848c31566ba","senderID":"b6333d5e-cda2-47ec-9276-4d5a192d86ad","senderMethod":"ThumbsUpRight","senderArgs":[],"receiverID":"cc8ed2af-0bc8-461e-bce8-f95d778272e3","receiverMethod":"Load","receiverArgs":["Room1-BtnCtrl"]}]}