{"itemsData":[],"textPlateItemsData":[{"itemID":"8b82adb2-3c6e-4d3e-970b-fd50345a39f5","position_x":0.01976051740348339,"position_y":0.5414990186691284,"position_z":0.30516117811203005,"rotation_x":-0.18508830666542054,"rotation_y":-0.01718946173787117,"rotation_z":0.015887342393398286,"rotation_w":0.98244309425354,"itemType":1,"text":"click button","isKeyboardOpen":false}],"lightItemsData":[{"itemID":"a88484eb-4825-42f6-92ce-be096beae12c","position_x":0.0,"position_y":0.7699999809265137,"position_z":0.699999988079071,"rotation_x":0.0,"rotation_y":0.0,"rotation_z":0.0,"rotation_w":1.0,"itemType":2,"isTurnedON":false,"colorIndex":0}],"buttonItemsData":[{"itemID":"f4e6bb97-cbc9-49a7-85e1-f1ca92a74e0f","position_x":0.0,"position_y":0.7820000052452087,"position_z":0.36899998784065249,"rotation_x":0.0,"rotation_y":0.0,"rotation_z":0.0,"rotation_w":1.0,"itemType":3,"type":0}],"imageItemsData":[],"videoItemsData":[],"audioItemsData":[],"cameraItemsData":[],"weightScalerItemsData":[],"actionData":[{"actionID":"dfe2f830-25f9-450e-a97a-6595837e4c35","senderID":"f4e6bb97-cbc9-49a7-85e1-f1ca92a74e0f","senderMethod":"Press","senderArgs":[],"receiverID":"a88484eb-4825-42f6-92ce-be096beae12c","receiverMethod":"Toggle","receiverArgs":[]}]}